sexe;preusuel;annais;nombre
1;ABBES;1992;4
1;ABDALLAH;2011;187
1;ABDEL-HALIM;1980;3
1;ABDEL-MALEK;2015;3
1;ABDELALI;1997;6
1;ABDELGHANI;2006;8
1;ABDELHALIM;1999;6
1;ABDELKADER;1983;262
1;ABDELLATIF;1980;24
1;ABDELMALIK;1997;13
1;ABDELRAHMAN;2011;27
1;ABDELWAHID;1994;5
1;ABDERAHMANE;1985;6
1;ABDERRAHMEN;2010;6
1;ABDESSLAM;1984;3
1;ABDOUL-AZIZ;2002;4
1;ABDOURAHMANE;2005;10
1;ABDULRAHMAN;2006;3
1;ABID;1979;3
1;ABOUBAKAR;2012;48
1;ABRAM;2000;3
1;ACHOUR;2008;8
1;ADAMA;2002;60
1;ADELAIDE;1916;3
1;ADEN;1998;3
1;ADITYA;2006;4
1;ADOLFO;1978;5
1;ADRIANN;2017;6
1;AGENOR;1921;10
1;AHMED;1983;334
1;AIMABLE;1945;4
1;AIMENE;2011;3
1;AISSA;1992;42
1;AKIM;1973;135
1;AKSEL;2015;131
1;ALAIN;1938;3076
1;ALARIC;1998;12
1;ALBERIC;1918;11
1;ALBERTO;1982;24
1;ALCIDE;1926;57
1;ALDO;1999;8
1;ALEJANDRO;2017;24
1;ALESIO;2017;5
1;ALEXANDER;1987;32
1;ALEXEY;2018;4
1;ALEXYS;2011;20
1;ALFREDO;1976;18
1;ALICE;1998;3
1;ALIOUNE;2005;9
1;ALLAIN;1956;37
1;ALMANZO;2010;7
1;ALONSO;1931;4
1;ALPAY;1999;5
1;ALRIC;1984;4
1;ALVYN;1999;9
1;AMADOR;1934;5
1;AMAND;1985;3
1;AMAURY;1917;4
1;AMBROISE;2014;126
1;AMILCAR;1975;12
1;AMMAR;1990;8
1;AMRANE;2009;6
1;ANAKINE;2010;6
1;ANATOLE;1911;72
1;ANDGEL;2004;10
1;ANDRES;1972;28
1;ANDRÉ;1937;12648
1;ANDY;1979;78
1;ANGE-MARIE;1979;3
1;ANGELINO;1959;5
1;ANGY;2003;14
1;ANICK;1959;3
1;ANNE;1945;5
1;ANSELME;1930;31
1;ANTHIME;2017;32
1;ANTIME;1911;3
1;ANTONI;1909;3
1;ANTONINO;1989;7
1;ANTONY;1998;313
1;AOMAR;1983;3
1;ARAS;2012;14
1;ARESKI;1967;3
1;ARIEL;1974;4
1;ARISTIDE;1938;44
1;ARMAND;1908;1319
1;ARMEL;1966;67
1;ARNAUD;2011;172
1;ARNOLD;1987;50
1;ARRON;2006;5
1;ARTHAUD;2004;5
1;ARTURO;2012;4
1;ATAKAN;1992;3
1;ATILIO;2013;6
1;AUBERT;1944;5
1;AUDREN;1991;3
1;AUGUSTE;2000;72
1;AURELE;1989;22
1;AURÉLIEN;1981;3271
1;AVIT;1944;3
1;AXIL;2013;7
1;AYHAN;1992;10
1;AYMARD;1995;3
1;AYOUB;1961;3
1;AZAD;1986;4
1;AZER;2011;5
1;AZZEDINE;1986;42
1;BABACAR;1992;11
1;BADIS;2015;96
1;BAFODE;2012;7
1;BALLA;1985;5
1;BAO;2011;14
1;BARBE;1915;3
1;BARTHELEMY;1914;139
1;BASILE;1910;61
1;BASTIAN;1995;53
1;BAUDOIN;1974;4
1;BAZILE;1944;6
1;BELGACEM;1986;9
1;BENAMAR;1956;6
1;BENITO;2002;3
1;BENOIT;1991;3
1;BERANGER;1920;3
1;BERNADIN;1935;3
1;BERND;1949;3
1;BERTRAN;1986;3
1;BILHAL;1997;4
1;BIXENTE;1998;23
1;BOB;1981;7
1;BONAVENTURE;1912;15
1;BORIS;2015;36
1;BOUBAKARY;1986;3
1;BOUMEDIENE;1983;11
1;BRADLEY;1960;3
1;BRANKO;1968;5
1;BREWEN;2006;28
1;BRIEC;2004;3
1;BRUCE;1977;84
1;BRYANN;2009;11
1;BÉRANGER;1988;3
1;CALIXTE;2013;49
1;CAMERON;2018;215
1;CAMRONN;2018;5
1;CARL;1979;72
1;CARLOS;1990;35
1;CAROL;1947;8
1;CASSIEL;2013;4
1;CECILIO;1923;3
1;CELESTE;2001;4
1;CELLOU;2010;4
1;CESAIRE;1962;7
1;CHABANE;1999;4
1;CHAHINE;2009;118
1;CHARBEL;2007;4
1;CHARLES;1970;701
1;CHARLES-ELIE;1994;5
1;CHARLES-MARIE;2008;3
1;CHARLOT;1937;18
1;CHEICK;1981;4
1;CHEMS;2002;4
1;CHIHAB;1977;4
1;CHRETIEN;1933;9
1;CHRISTIAN;1933;2212
1;CHRISTOPHE;1946;96
1;CHÉRIF;1974;9
1;CLAIR;1918;13
1;CLAUDE;1978;579
1;CLAUDIUS;1911;380
1;CLEO;1919;3
1;CLODOMIR;1921;6
1;CLYDE;1976;4
1;COLBERT;1924;19
1;COME;1929;5
1;CONSTANT;1955;46
1;CORENTIN;1919;66
1;CORWIN;2005;3
1;CREPIN;1952;9
1;CURT;1907;19
1;CYR;1905;11
1;CYRIEL;1982;3
1;CYRIUS;2012;3
1;CÉLIEN;2014;10
1;DALE;1963;7
1;DAMIEN;1922;36
1;DANAEL;1991;3
1;DANIELE;2015;3
1;DANTE;1909;8
1;DAOUD;1969;8
1;DARIO;1955;21
1;DARREN;2000;31
1;DAVIS;1986;3
1;DAYANE;2018;5
1;DEJAN;1968;10
1;DEMBA;2018;47
1;DENYS;2013;8
1;DESMOND;2014;7
1;DEWI;2005;8
1;DIANGO;2004;4
1;DIEGUE;1927;6
1;DIMITRI;1960;19
1;DINO;1992;9
1;DIÉGO;1998;8
1;DJAMAL;1991;10
1;DJILALI;1981;30
1;DJÉMY;2013;8
1;DOMINGO;1953;3
1;DON;1906;31
1;DONAT;2014;5
1;DONOVAN;2008;258
1;DOROTHEE;1914;4
1;DRAGAN;1969;17
1;DRISSE;1983;7
1;DURSUN;2003;5
1;DYLANN;1990;4
1;EARVIN;1999;3
1;EDDY;1961;116
1;EDGAR;1994;79
1;EDISON;1986;3
1;EDONIS;2007;3
1;EDUARDO;1969;27
1;EDWIGE;1932;10
1;EFEKAN;2005;5
1;EITAN;2006;8
1;ELANE;2005;3
1;ELI;1987;3
1;ELIARD;1941;3
1;ELIE;2018;283
1;ELIN;1952;5
1;ELIOTT;2001;398
1;ELISIO;2008;6
1;ELLYOT;2018;5
1;ELOIS;1908;3
1;ELPHEGE;1933;3
1;ELVIS;2011;21
1;ELYAS;2004;72
1;ELYSE;1936;3
1;EMERIC;2011;94
1;EMILE;1917;2476
1;EMILIO;1920;8
1;EMRE;2008;103
1;ENDRICK;2014;4
1;ENGUERRAND;1996;64
1;ENOGAT;1917;7
1;ENRIQUE;1994;15
1;EOL;2012;3
1;ERCAN;1984;10
1;ERIC;1905;36
1;ERICKSON;2004;4
1;ERNEST;1906;1786
1;EROS;2015;14
1;ERWAN;1987;490
1;ESAIE;2008;17
1;ESTEBANN;2007;22
1;ETHAN;2003;1478
1;EUCHER;1913;7
1;EUGÈNE;2010;19
1;EUSTACHE;2005;3
1;EVARISTE;1966;3
1;EVRARD;2004;12
1;EXPEDIT;1969;14
1;EYTHAN;2005;27
1;EZRA;2013;26
1;FABIO;1963;12
1;FADEL;2015;20
1;FAHED;2001;10
1;FAISSEL;1981;4
1;FAOUZI;2008;10
1;FARID;1987;341
1;FATAH;1964;11
1;FAUSTIN;1925;16
1;FAYCAL;1993;68
1;FERDINAND;2008;82
1;FERNAND;2004;13
1;FEVZI;1998;4
1;FILIPPO;2001;6
1;FIRMIN;2018;48
1;FLEURY;1931;19
1;FLORENT;2002;651
1;FLORIAN;2011;726
1;FLORIS;1932;5
1;FODIL;1981;12
1;FOUCAULD;2014;35
1;FOUZI;1977;18
1;FRANCESCO;2008;21
1;FRANCISCO;2016;31
1;FRANCKIE;1965;5
1;FRANK;1973;495
1;FRANTZ;1961;135
1;FRANÇOIS;2000;923
1;FRANÇOIS-MICHEL;1954;3
1;FRED;1964;142
1;FREDERICK;2013;4
1;FRIEDRICH;1903;13
1;FRÉDÉRICO;1976;3
1;FÉLICIEN;1927;5
1;GABOR;2015;4
1;GABYN;2017;16
1;GAITAN;1999;3
1;GARANCE;2010;6
1;GASPARD;1937;7
1;GATIEN;1998;74
1;GAUVAIN;1996;20
1;GAËTAN;1910;85
1;GENEVIÈVE;1968;3
1;GEOFFROY;1941;14
1;GEORGES;1975;494
1;GEORGY;1986;4
1;GERMAIN;1910;739
1;GEROME;1991;31
1;GERY;2008;3
1;GHISLAIN;1990;200
1;GIANCARLO;1989;3
1;GIDEON;2018;4
1;GILDAS;1928;14
1;GILLES;1935;506
1;GINO;1997;42
1;GIOVANNI;1927;56
1;GISLAIN;1958;9
1;GIUSEPPE;2015;14
1;GODEFROY;2006;5
1;GONTRAN;2012;4
1;GORDON;1988;6
1;GRACIA;1996;4
1;GREGOR;1982;10
1;GRÉGOIRE;1967;145
1;GUENOLE;1917;4
1;GUI;1925;8
1;GUILHEM;1958;17
1;GUILLAUME-ALEXANDRE;1978;4
1;GUISEPPE;1970;14
1;GURVAN;1990;33
1;GUY;1901;95
1;GUYLAIN;1999;11
1;GWENAEL;2007;63
1;GÉRALD;1940;111
1;HACHIM;2008;13
1;HAKAN;2013;15
1;HAMED;1989;32
1;HAMMADI;2001;3
1;HANIFI;1999;3
1;HARIS;2013;18
1;HAROUN;2017;399
1;HARUN;1981;7
1;HASSANE;1969;15
1;HATIM;2007;46
1;HAZAEL;2014;4
1;HECTOR;2003;110
1;HEIKO;2017;4
1;HELIN;1968;5
1;HENDRICK;1925;5
1;HENRI;1974;323
1;HENRIK;1970;4
1;HENY;2015;3
1;HERMAN;1969;6
1;HERVIN;1984;3
1;HICHAM;2002;140
1;HILAL;2014;22
1;HIMED;2007;4
1;HOCHE;1905;10
1;HONORE;1928;170
1;HORTENSE;1941;3
1;HOUDAIFA;2011;3
1;HOUSSINE;2014;5
1;HUGO;1952;9
1;HUMBERT;1972;4
1;HYACINTHE;1943;19
1;HÉLIOS;2017;60
1;IBAN;1978;7
1;ICHAM;2000;23
1;IDRISS;2010;248
1;IGNACIO;1973;3
1;IKE;1985;3
1;ILDEPHONSE;1934;3
1;ILIAS;1984;3
1;ILKER;1977;6
1;ILYA;2017;12
1;ILYESSE;1995;5
1;IMBERT;1904;3
1;INDY;1998;5
1;IONUT;2009;6
1;IRMIN;1928;3
1;ISAAC;1904;18
1;ISAIE;1907;20
1;ISHAC;2014;10
1;ISIDRO;1971;6
1;ISMAIL;1980;50
1;ISRAEL;1936;5
1;ISSHAQ;2011;7
1;IVANN;1985;4
1;IWANE;2018;4
1;JAAD;2013;3
1;JACKI;1928;9
1;JACOB;1922;24
1;JACQUES;2011;116
1;JACQUIT;1933;5
1;JAHEL;2017;16
1;JAIME;2001;9
1;JALAL;1999;10
1;JAMALE;1966;4
1;JAMIE;2016;41
1;JANICK;1959;75
1;JANVIER;1941;3
1;JAPHET;2016;8
1;JASON;2009;306
1;JAVIER;2015;7
1;JAYLEN;2016;7
1;JEAN-ADRIEN;1999;4
1;JEAN-ANDRÉ;1991;6
1;JEAN-BASTIEN;1980;3
1;JEAN-CAMILLE;1910;4
1;JEAN-CHRISTOPHE;1979;733
1;JEAN-DAMIEN;1962;5
1;JEAN-DIDIER;1973;8
1;JEAN-EMMANUEL;1980;31
1;JEAN-FLORENT;1976;4
1;JEAN-FRÉDÉRIC;1953;11
1;JEAN-GILLES;1948;7
1;JEAN-HERVÉ;1965;7
1;JEAN-JOSEPH;1900;6
1;JEAN-LAURENT;1967;32
1;JEAN-LOUP;1963;74
1;JEAN-MAEL;1998;3
1;JEAN-MARIE;1944;1243
1;JEAN-MATTHIEU;1999;3
1;JEAN-MICHEL;2011;8
1;JEAN-PASCAL;2001;7
1;JEAN-PHILIPPE;1976;1169
1;JEAN-RAYMOND;1964;15
1;JEAN-ROBERT;1967;35
1;JEAN-RÉMY;1963;18
1;JEAN-THIERRY;1962;7
1;JEANNOT;1953;60
1;JEFFERSON;1981;19
1;JEMIL;2008;7
1;JEREMIE;1963;35
1;JERRY;1984;24
1;JESSI;2016;4
1;JESUS;2017;7
1;JIMI;1995;4
1;JO;1999;6
1;JOAKIM;1974;7
1;JOANY;2015;6
1;JOAQUIN;2017;13
1;JOE;1938;12
1;JOFFROY;1980;3
1;JOHANNE;1978;22
1;JOHN;1972;401
1;JOHNSON;2018;12
1;JONAS;1903;4
1;JONHY;1965;3
1;JORDANN;1994;21
1;JORICK;1997;15
1;JOSEF;1963;4
1;JOSH;2001;4
1;JOSSE;1940;3
1;JOSÉ;2009;54
1;JOULIAN;2014;13
1;JUAN;1974;226
1;JUDE;1929;9
1;JUDIKAEL;1977;8
1;JULIEN;2008;1593
1;JULO;1925;6
1;JUST;1904;19
1;JUSTINIEN;1994;3
1;JÉRÉMY;2006;3
1;KACIM;2001;4
1;KADOUR;1966;8
1;KAIS;1998;31
1;KALIFA;2001;6
1;KAMAL;2014;12
1;KANDJOURA;2010;4
1;KARIM;1986;1129
1;KASIM;2015;4
1;KAYLIS;2015;4
1;KAÏS;1981;3
1;KEITH;1981;3
1;KELLYAN;2002;17
1;KEMIL;2006;22
1;KENCY;2015;7
1;KENJY;2013;82
1;KENY;1998;43
1;KEREM;1993;4
1;KERYAN;2002;23
1;KEVY;1988;5
1;KEYRANN;2011;3
1;KHALED;1980;98
1;KHALYS;2012;13
1;KHEYRON;2018;6
1;KILLIAM;1999;9
1;KIMEO;2009;3
1;KISSIMA;2000;3
1;KLEYTON;2009;3
1;KOSSAY;2014;9
1;KRISS;1999;5
1;KURT;1906;7
1;KYLE;2008;85
1;KYNAI;2009;3
1;KÉNAËL;2011;6
1;LADISLAS;1995;6
1;LAHOUARI;1979;15
1;LAKHDAR;2017;10
1;LANCELOT;2005;52
1;LARBI;1995;15
1;LASZLO;1967;4
1;LAURENZO;1980;3
1;LAWRENCE;2006;7
1;LAZARE;2014;44
1;LEE-ROY;1987;3
1;LEMY;2009;4
1;LENO;2007;8
1;LEONARDO;1950;4
1;LEONID;2009;4
1;LEOPOLD;1952;53
1;LEVENT;2000;8
1;LEZIN;1923;3
1;LIE;1929;6
1;LILLIAN;2008;17
1;LINO;2013;356
1;LIRON;2007;4
1;LIWAN;2011;5
1;LOCKMAN;2002;4
1;LOHAN;2002;43
1;LOKMAN;2016;20
1;LOQMANE;2010;9
1;LORIC;1985;5
1;LORYC;2016;3
1;LOUANN;2001;6
1;LOUHANN;2012;6
1;LOUIS-BAPTISTE;2004;4
1;LOUIS-MARIE;1953;12
1;LOUIS-XAVIER;1990;3
1;LOUNIS;1994;6
1;LOWAN;1999;3
1;LOÏC;1981;2329
1;LUC;1928;141
1;LUCAY;1917;4
1;LUCIANO;1959;32
1;LUCKA;2003;6
1;LUDOVIC;1937;21
1;LUIGUY;1973;3
1;LUKE;1984;5
1;LYAZID;1989;3
1;LYLLIAN;2005;5
1;LYSSANDRE;2002;7
1;LÉHO;2017;13
1;LÉON;1919;2064
1;LÉOPOLD;1977;4
1;MAAMAR;1986;5
1;MADANI;1997;5
1;MADJID;1972;36
1;MAELIG;2000;14
1;MAHAMADOU;2009;79
1;MAHERY;2000;4
1;MAHMOUD;2013;26
1;MAIKY;2007;13
1;MAKAN;1991;16
1;MALCOLM;2002;97
1;MALIK;1989;303
1;MALONN;2008;17
1;MAMADOU;1998;113
1;MANAEL;2011;6
1;MANI;1996;4
1;MANOLITO;1979;5
1;MANUEL;1963;645
1;MARC;1918;489
1;MARC-ANTOINE;1959;12
1;MARC-OLIVIER;1965;8
1;MARCEL;2008;55
1;MARCELLINO;1982;3
1;MARCO;1936;10
1;MAREK;1981;6
1;MARIEN;1964;3
1;MARIO;1937;89
1;MARK;1965;38
1;MARLY;2007;4
1;MARTIAL;1947;419
1;MARVEEN;2000;9
1;MARWEN;2007;21
1;MASON;2017;29
1;MASSY;1998;6
1;MATHEUS;2001;3
1;MATHIEU;1995;3774
1;MATHYAS;2005;23
1;MATIS;2008;495
1;MATTHEWS;1998;6
1;MATTIA;2017;86
1;MATVEY;2012;3
1;MAURICE;1921;9530
1;MAXEN;2011;8
1;MAXIME;1968;206
1;MAXIMIN;1952;61
1;MAYEUL;1983;6
1;MAZIN;2015;4
1;MAÏRON;2016;16
1;MEDERICK;1976;5
1;MEHMETHAN;2008;3
1;MEL;2011;9
1;MELIO;2010;3
1;MELWIN;2012;3
1;MENPHIS;2004;7
1;MERT;2018;4
1;MESSAOUD;1951;5
1;MEVEN;2016;8
1;MEZZIANE;2003;3
1;MICHAEL;2009;109
1;MICHEL-JEAN;1953;3
1;MICKAËL;2000;8
1;MIGUEL;2015;146
1;MIKAËL;2013;20
1;MILAN;1967;8
1;MIMOUN;2013;4
1;MIROSLAV;2014;4
1;MOCTAR;2001;4
1;MOHAMAD;1999;8
1;MOHAMED-AMINE;2007;242
1;MOHAMED-KARIM;2008;6
1;MOHAMED-YACINE;2010;14
1;MOHAMMED-AMINE;2018;17
1;MOISE;1961;106
1;MONCEF;1969;4
1;MORAD;1998;21
1;MORGANN;2015;21
1;MOSTAPHA;1984;9
1;MOUHAMADOU;2005;26
1;MOULOUD;1952;16
1;MOURAD;2003;43
1;MOUSTAPHA;2011;53
1;MUHAMMED-ALI;2005;9
1;MUSAB;2014;17
1;MYLANE;1999;3
1;MÉHDI;2013;6
1;NABILE;1994;10
1;NADER;1999;19
1;NADJIM;1975;8
1;NAHELE;2010;5
1;NAIME;1994;3
1;NAMORY;2005;4
1;NAPOLEON;1940;4
1;NASRADINE;1999;4
1;NASSIM;2011;641
1;NATANE;2004;5
1;NATHANAEL;2004;358
1;NATTAN;2001;12
1;NAYAN;2013;33
1;NAZIR;2012;3
1;NEEL;2017;6
1;NELLO;1951;9
1;NEVIL;2000;3
1;NICEPHORE;1910;3
1;NICOLA;1975;6
1;NICOMEDE;1931;10
1;NIKO;1998;3
1;NILS;1964;5
1;NOE;1909;31
1;NOHE;2005;16
1;NOLWENN;1997;11
1;NORDI;1965;6
1;NORMAN;1990;72
1;NOUR;1996;13
1;NOURI;1970;4
1;NOÉVAN;2016;11
1;NUNO;2010;29
1;OAN;2007;6
1;OCULI;1941;5
1;ODON;1923;12
1;OKTAY;1990;14
1;OLIVIER;1929;237
1;OMAR;1973;131
1;ONESIME;2008;5
1;ORESTE;1962;3
1;OSMAN;2003;50
1;OTHMAN;1978;9
1;OTTMAN;1988;3
1;OUASSIM;1982;6
1;OURIEL;1982;4
1;OUSSEYNOU;2002;4
1;OWENN;2018;47
1;PABLO;2009;531
1;PANPI;2018;3
1;PARFAIT;1931;13
1;PASQUALE;1980;8
1;PATRICIO;1985;4
1;PAUL;1919;5172
1;PAUL-ANTOINE;2010;17
1;PAUL-EVAN;2015;3
1;PAUL-MARIE;1991;8
1;PAULO-JORGE;1974;4
1;PEPIN;1928;3
1;PETERSON;2006;8
1;PHILBERT;1939;6
1;PHILIP;1991;9
1;PHILOGENE;1918;4
1;PIERO;1958;6
1;PIERRE-ANTOINE;2004;67
1;PIERRE-DANIEL;1972;3
1;PIERRE-ETIENNE;1979;23
1;PIERRE-HENRI;1992;58
1;PIERRE-JULIEN;1983;10
1;PIERRE-MALO;1993;4
1;PIERRE-NOËL;1981;4
1;PIERRE-VINCENT;1992;8
1;PIERRIK;1985;5
1;PIOTR;1976;3
1;POLYDORE;1915;3
1;PRINCY;2009;5
1;PRYAM;2009;4
1;QUENTIN;2001;5600
1;RABII;1976;3
1;RACINE;2005;4
1;RAFAEL;1973;51
1;RAFIK;2001;27
1;RAIMOND;1930;11
1;RAMAZAN;1992;31
1;RAMOND;1909;3
1;RANI;1988;5
1;RAPHAËL;1920;260
1;RAYAAN;2005;3
1;RAYMON;1907;4
1;REDOINE;1983;9
1;REGINALD;2003;4
1;RENAN;1976;27
1;RENNY;1980;3
1;RENÉ-PAUL;1967;8
1;REYMOND;1918;21
1;RHYS;2010;5
1;RICCARDO;1987;5
1;RICK;1994;7
1;RIDOUAN;1985;4
1;RILEY;2012;40
1;ROANN;2017;7
1;ROBIN;1909;3
1;ROCH;1947;23
1;RODI;2012;5
1;RODRICK;2007;4
1;ROGER;1940;5612
1;ROLAND;1971;346
1;ROMAIN;1938;97
1;ROMANO;2000;6
1;ROMUL;1946;4
1;RONALD;1996;21
1;RONY;1977;48
1;RUDDY;2002;30
1;RUDOLPHE;1978;8
1;RUI-MIGUEL;1984;3
1;RYHAD;2001;6
1;RÉMI;1928;340
1;SAAD;1999;28
1;SABIN;1930;7
1;SADA;2007;3
1;SADRI;2000;3
1;SAHBI;1986;6
1;SAIF;1990;8
1;SAINT-CYR;1938;3
1;SAINTE-CROIX;1944;7
1;SALAHDIN;2014;4
1;SALIM;1957;10
1;SALOMON;1957;6
1;SALVATOR;1973;6
1;SAMBOU;1988;6
1;SAMIR;2011;101
1;SAMUEL;1956;74
1;SANDRINO;1958;4
1;SANTHOSH;2014;8
1;SAPHIR;2004;9
1;SATYA;2016;14
1;SAVINO;1935;5
1;SAÏD;1995;8
1;SEAN;2004;108
1;SEFA;2000;18
1;SELAMI;1979;5
1;SEMI;1992;7
1;SERGE;1972;1314
1;SERIGNE;1991;5
1;SEVAN;2013;50
1;SEYDINA;2013;24
1;SHAD;2006;14
1;SHAMIR;1998;3
1;SHAYANE;2013;5
1;SHILO;2011;4
1;SID-AHMED;1966;4
1;SIDNEY;1968;6
1;SIEGFRIED;2013;5
1;SILOUANE;2003;12
1;SILVERE;1988;15
1;SIMEON;1926;34
1;SIMPLICE;1904;5
1;SIROU;2012;7
1;SLIMAN;1980;13
1;SMAEL;1965;4
1;SOAM;2015;4
1;SOFIEN;1991;67
1;SOHANE;2013;17
1;SOLANE;2014;10
1;SONI;2006;7
1;SORAN;2018;3
1;SOSTHÈNE;2017;5
1;SOUHAIB;2010;16
1;SOULAIMANE;2000;14
1;SOULEYMANE;2011;161
1;STANISLAS;1999;278
1;STEBAN;2000;6
1;STEFAN;1952;9
1;STEN;1995;3
1;STEPHEN;1993;157
1;STEVENS;1992;94
1;STUART;1981;4
1;STÉPHANE;1991;1734
1;SULEYMEN;2013;3
1;SULLY;1990;11
1;SYLVANO;1973;5
1;SYLVESTRE;1970;49
1;SYMEON;2006;8
1;SÉBASTIEN;2013;136
1;TAHA;1991;12
1;TAIEB;1963;12
1;TAMBA;2006;3
1;TANGUY;1927;3
1;TAREK;1969;7
1;TAYEB;1969;22
1;TAYSON;2000;9
1;TEDY;1969;3
1;TELYO;2014;3
1;TERRY;1991;116
1;THAI;2005;3
1;THEO;2012;635
1;THEOPHANE;1908;7
1;THEOTINE;1926;3
1;THIBAULD;1980;4
1;THIEBAUT;2001;5
1;THIMOTE;2003;18
1;THOMAS;1918;61
1;THYBO;2018;4
1;THÉODOR;2013;3
1;TIBAU;2007;3
1;TIDJANI;2011;5
1;TILIO;2006;50
1;TIMMY;1995;19
1;TIMOTHE;2002;417
1;TIMOTY;1998;3
1;TOAN;2014;17
1;TOMAS;1962;6
1;TOMY;1990;27
1;TONNY;2016;3
1;TOUMANI;1981;3
1;TRESOR;1999;3
1;TRÉSOR;2017;4
1;TUNCAY;1987;4
1;TYLAN;2002;8
1;TYNAEL;2010;3
1;TÉO;2018;212
1;ULRIC;1901;3
1;ULYSSE;1992;94
1;URBAIN;1903;111
1;VADIM;2003;60
1;VALENTINO;2013;83
1;VALERIO;1982;6
1;VALÉRIAN;1989;3
1;VASILE;2013;15
1;VICKY;1990;3
1;VICTORIEN;1986;98
1;VIKEN;2017;5
1;VINCENZO;1993;10
1;VIRGILE;2012;137
1;VITO;1976;17
1;VIVIEN;1967;7
1;VOLODIA;1998;9
1;WAEL;1998;25
1;WAKIL;2002;3
1;WALLIS;2007;3
1;WANES;2000;3
1;WASSIM;2015;766
1;WENCESLAS;1964;4
1;WESLY;2018;4
1;WILFRID;1931;21
1;WILHEM;1994;15
1;WILLIAM;1947;480
1;WILLY;1902;16
1;WINSTON;1991;4
1;WLADISLAS;1922;4
1;WYLAN;1996;4
1;XAVIER;1916;99
1;YACIN;1987;20
1;YAHAYA;1988;5
1;YAKOUB;2015;19
1;YAN;1966;65
1;YANICK;1981;25
1;YANN;1950;117
1;YANNICE;1974;3
1;YANYS;2005;3
1;YASINE;2016;7
1;YAVUZ;1982;8
1;YDRISS;2018;12
1;YILMAZ;1994;5
1;YLIESS;2011;14
1;YOANNE;1992;5
1;YOHANNE;2003;3
1;YONATHAN;1996;7
1;YORAM;2011;9
1;YOSSEF;2001;15
1;YOUNES;1977;40
1;YOUNÉS;2014;14
1;YOUSSOUF;1972;6
1;YSSA;1989;6
1;YVANN;1983;6
1;YVES-MARIE;1960;27
1;YVONNICK;1937;5
1;ZACH;2008;3
1;ZACKARIA;2014;23
1;ZAIM;2015;6
1;ZAKARYA;1996;20
1;ZBIGNIEW;1934;7
1;ZEPHIRIN;1943;5
1;ZIED;1995;7
1;ZION;2014;12
1;ZOLA;2017;6
1;ZOÉ;1909;4
1;_PRENOMS_RARES;1909;1527
1;ÉLOI;2017;58
1;ÉTIENNE;1971;3
2;ABBY-GAELLE;1999;4
2;ABISHA;2017;3
2;ACHILLE;1949;9
2;ADDA;1966;5
2;ADELHEID;1906;5
2;ADELINE;1916;71
2;ADILA;1983;3
2;ADONAI;2006;3
2;ADRIENNE;1940;201
2;ADÉLIA;2011;9
2;AGATE;1993;3
2;AGLAEE;1992;3
2;AHLAM;1983;22
2;AICHATA;2010;6
2;AIMA;2003;4
2;AIMÉE;2016;37
2;AISSATA;1972;3
2;AIYANNA;2016;7
2;ALAIA;2001;5
2;ALBA;1965;6
2;ALBINA;1974;6
2;ALDINA;1979;3
2;ALESSANDRA;2004;15
2;ALEXANDRA;1940;12
2;ALEXANE;1982;3
2;ALEXIS;2002;4
2;ALIA;1913;3
2;ALICIA;1968;21
2;ALIETTE;1924;45
2;ALINA;1996;7
2;ALISEE;1992;19
2;ALIXIA;1980;4
2;ALIÉNOR;1984;12
2;ALLIYA;2018;5
2;ALMA;2012;108
2;ALPHONSIA;1901;4
2;ALWEN;2010;3
2;ALYIA;2006;3
2;ALYSSE;2003;6
2;ALÉXIA;2010;4
2;AMALIA;1976;15
2;AMANDE;1920;6
2;AMARA;1959;4
2;AMAYA;2013;61
2;AMBROISINE;2001;11
2;AMELINA;1921;18
2;AMENI;1996;3
2;AMINATA;1977;44
2;AMPARO;1929;4
2;AMÉLIA;2016;411
2;ANA-CLARA;1998;4
2;ANABELLE;1989;56
2;ANAHITA;2001;8
2;ANALIA;2013;10
2;ANASTASIE;2009;9
2;ANAYA;2017;134
2;ANDRELINE;1902;6
2;ANDRÉE;1914;4357
2;ANGEL;2003;26
2;ANGELIE;2002;9
2;ANGELIQUA;1979;4
2;ANGELYNE;2011;9
2;ANGÉLA;1992;7
2;ANIA;1991;13
2;ANICK;1965;24
2;ANISA;1993;5
2;ANITA;1996;44
2;ANN-SOPHIE;1986;3
2;ANNA-MARIA;1966;55
2;ANNABELLE;1972;580
2;ANNAIK;1951;3
2;ANNE;1939;4215
2;ANNE-CAROLINE;1988;15
2;ANNE-CLAIRE;1995;83
2;ANNE-ELISABETH;1984;11
2;ANNE-FRANCE;1952;4
2;ANNE-HÉLÈNE;1971;14
2;ANNE-LINE;1992;7
2;ANNE-LÉA;2015;3
2;ANNE-PERRINE;1986;5
2;ANNE-SYLVIE;1978;10
2;ANNELIESE;1902;3
2;ANNETTE;1911;268
2;ANNICK;1995;12
2;ANNIE-LAURE;1980;3
2;ANNITA;1962;36
2;ANNY;1923;9
2;ANTONELLA;2018;12
2;ANTONINE;1927;50
2;ANYSSIA;2004;4
2;APOLLINE;2011;682
2;APPOLONIE;1946;4
2;ARGENTINE;1901;31
2;ARIANNE;1977;4
2;ARIN;2014;8
2;ARMANDINE;1936;37
2;ARMELLE;1963;635
2;ARSENE;1934;20
2;ARZU;1990;14
2;ASIA;2004;21
2;ASMAHAN;1975;5
2;ASSETOU;2000;8
2;ASSIYA;2018;209
2;ASTA;2012;4
2;ASUMAN;1975;3
2;ATHÉNA;1993;7
2;AUBIN;1926;3
2;AUDRAY;1982;14
2;AUGUSTE;1928;6
2;AURE;1994;8
2;AURELIE;1980;4
2;AURIANNE;1985;5
2;AUXANNE;2000;8
2;AVRIL;1988;5
2;AXELL;1992;3
2;AYANNAH;2014;6
2;AYLIE;2017;18
2;AYSE;2014;48
2;AZA;1981;4
2;AZILIZ;1983;4
2;AZÉNOR;2014;13
2;AÏDA;2016;99
2;BABYLAS;1923;4
2;BAHIJA;2005;3
2;BAPTISTINE;1900;157
2;BARBE;1962;6
2;BASMA;1998;16
2;BAYA;2002;11
2;BEGUM;2009;3
2;BELLE;2013;3
2;BENITA;1949;3
2;BERANGERE;1922;21
2;BERIL;2016;9
2;BERNARDETTE;1923;3
2;BERTHE;1995;4
2;BERTINA;1928;6
2;BETHANY;2014;4
2;BETTY;1991;244
2;BEYZANUR;2010;7
2;BILJANA;1976;18
2;BLAISE;1941;9
2;BLANDINE;1998;394
2;BLUETTE;1950;5
2;BOUDOUR;1980;3
2;BRIGIDA;1970;5
2;BRITHNEY;2002;3
2;BRUNE;1985;10
2;BRYANNA;2012;17
2;BÉATRICE;1943;430
2;BÉRENGÈRE;1978;73
2;CALIA;2004;4
2;CALLY;1998;3
2;CAMILIA;1909;3
2;CAMILLIA;2013;21
2;CANELLE;1998;49
2;CARIMA;1985;6
2;CARMELA;1928;15
2;CARMELLE;1939;4
2;CAROL-ANNE;1996;13
2;CAROLINE;1901;433
2;CARYS;2008;3
2;CASSI;2013;5
2;CATALINA;1958;7
2;CATHELINE;1982;8
2;CATHIE;1961;110
2;CATTALEYA;2015;4
2;CEDRINE;2007;7
2;CELESTINE;1929;112
2;CELIMENE;2001;4
2;CELYANA;2017;3
2;CERINE;2017;5
2;CHADE;2011;3
2;CHAHRAZED;1982;16
2;CHAINEZE;1998;7
2;CHANELLE;1996;16
2;CHANTAL;1989;41
2;CHARLEMAGNE;1948;3
2;CHARLIE-ROSE;2015;4
2;CHARLOTTE;1986;4456
2;CHAYANA;2011;5
2;CHEDIA;1985;4
2;CHERRYL;1993;3
2;CHIMENE;2003;111
2;CHLOEE;2013;3
2;CHRISLENE;2003;3
2;CHRISTIANE;1951;9018
2;CHRISTINA;1986;345
2;CHRISTÈLE;1992;12
2;CHYMENE;2006;3
2;CILYA;2017;3
2;CINTIA;2002;5
2;CLAIRE;1980;2752
2;CLAIRETTE;1907;6
2;CLARENCE;2012;12
2;CLARISSE;2015;381
2;CLAUDETTE;1969;67
2;CLAUDINE;1903;329
2;CLELIA;1993;92
2;CLEOPHEE;1991;6
2;CLORINDA;1959;3
2;CLOTILDE;1999;245
2;CLÉMENCE;1991;2191
2;COLETTE;1940;4814
2;COLOMBA;1957;5
2;CONCEPTION;1907;9
2;CONSTANCE;1966;33
2;CORALIE;1912;7
2;CORELIA;1998;3
2;CORINNE;1983;549
2;COSETTE;1913;4
2;CRISTAL;2016;13
2;CROCIFISSA;1965;3
2;CYBELLE;1971;3
2;CYRIANE;2018;3
2;CZESLAWA;1926;19
2;CÉDRINE;1998;11
2;CÉLINE;1962;219
2;DAGMAR;1943;7
2;DAISY;1999;33
2;DALIBORKA;1983;3
2;DALLO;2004;3
2;DAMLA;1988;6
2;DANICK;1959;4
2;DANIELLA;1939;7
2;DANIÈLE;1927;3
2;DANYLA;1954;5
2;DARIA;1974;4
2;DAUPHINE;1995;6
2;DAYNA;2002;5
2;DEHBIA;1968;3
2;DELICE;2005;3
2;DELYA;2009;24
2;DENIZ;2018;13
2;DESIREE;1987;15
2;DIAKA;2018;4
2;DIANE;1945;20
2;DIARY;2009;4
2;DIJLE;2016;4
2;DINA;1953;19
2;DIVINE;1998;13
2;DJAMILLA;1980;5
2;DJEMILA;1973;14
2;DJENNY;2005;9
2;DJOUMA;2016;5
2;DOLLY;1997;3
2;DOMINICA;1924;18
2;DONA;1959;3
2;DONIA;1974;24
2;DORCAS;2008;11
2;DORIANNE;1949;3
2;DORIS;1932;19
2;DOROTHY;1996;3
2;DUA;2018;8
2;DÉBORAH;1978;87
2;EBTISSEM;1994;3
2;EDEN;2017;510
2;EDITHE;1932;60
2;EDMONDINE;1916;3
2;EDWIGE;1965;315
2;EGLANTINE;2015;34
2;ELAIA;1992;3
2;ELDA;1958;8
2;ELENA;1907;5
2;ELEONORA;1994;5
2;ELFRIEDE;1935;9
2;ELIAH;2012;4
2;ELICHEVA;2002;3
2;ELIETTE;2010;25
2;ELINE;1902;6
2;ELISA;1996;1878
2;ELISE;1907;1590
2;ELISSA;1999;18
2;ELIZABETH;1965;60
2;ELLEN;1913;6
2;ELLORA;2002;6
2;ELMIRE;1919;10
2;ELODY;2003;31
2;ELORA;1993;127
2;ELSA;1950;15
2;ELVIA;1926;5
2;ELVIRE;1925;48
2;ELYANNA;2015;29
2;ELYSE;1980;4
2;ELÉANA;2012;85
2;EMANUELA;1996;3
2;EMELINE;1924;3
2;EMI;1997;4
2;EMILIE;1926;433
2;EMILY;1971;8
2;EMMA;1968;44
2;EMMANUELLA;2000;19
2;EMMI;2006;5
2;EMÉLIA;2012;5
2;ENGRACE;1907;5
2;ENORAH;2005;7
2;EPONINE;1996;10
2;ERIKA;1927;6
2;ERMIDA;1929;4
2;ERNESTINE;1969;6
2;ESLEM;2008;22
2;ESPERANCE;1927;25
2;ESTELLE;1982;1786
2;ESTHER;1992;248
2;ETIENNETTE;1908;156
2;EUGENIA;1967;12
2;EULALIE;1985;18
2;EUPHROSINE;1928;3
2;EVA;1933;114
2;EVANGELINE;1994;12
2;EVE-LISE;1991;3
2;EVELYNE;1911;8
2;EVODIE;1982;7
2;EYLEEN;2005;9
2;FABIENNE;1904;17
2;FADELA;2006;8
2;FADOUA;1978;13
2;FAITH;2008;7
2;FANELIE;1986;8
2;FANNY;1931;51
2;FANÉLIE;1998;6
2;FARIZA;1970;4
2;FATHIRA;1966;5
2;FATIMA;2016;403
2;FATIRA;1965;13
2;FATOU;1983;32
2;FAUSTINE;1933;12
2;FAZIA;1963;10
2;FELICIA;1913;30
2;FELICIENNE;1940;26
2;FELLA;1969;5
2;FERIEL;1994;15
2;FERROUDJA;1976;3
2;FIDES;1915;3
2;FIONA;1985;88
2;FIRMIN;1938;5
2;FLAVIE;1954;15
2;FLEURIANE;1984;4
2;FLORALIE;1992;4
2;FLORELLE;2004;6
2;FLORENTINE;1978;4
2;FLORIANE;1957;36
2;FLORIMONDE;1949;3
2;FLORISE;1987;7
2;FOULEMATOU;2009;4
2;FRANCE;1929;303
2;FRANCELINE;1971;16
2;FRANCETTE;1941;185
2;FRANCINA;1936;5
2;FRANCISE;1928;3
2;FREDA;1959;3
2;FRIEDE;1907;11
2;FUNDA;1996;13
2;GABRIEL;2008;3
2;GABRIELLE;1996;487
2;GAELLA;1998;5
2;GAIA;1994;7
2;GANAELLE;1971;3
2;GAYA;2014;8
2;GEMA;1971;5
2;GENIA;1966;3
2;GEORGETTE;1910;3691
2;GEORGINA;2017;6
2;GERDA;1913;7
2;GERTRUDE;1904;118
2;GHANIA;1981;11
2;GHIZLANE;1979;17
2;GILDA;2006;5
2;GILLIANE;1943;3
2;GINETTE;1994;5
2;GISELA;1951;4
2;GISLEINE;1948;3
2;GIULIA;1974;3
2;GLADIE;1930;7
2;GLORIA;1971;38
2;GODFROY;1945;3
2;GRACE;1984;23
2;GRACIETE;1973;10
2;GRAZIA;1926;8
2;GRETEL;1986;5
2;GUENOLA;1971;21
2;GUILLAINE;1950;3
2;GUISEPPINA;1950;4
2;GULLU;1993;3
2;GUYLAINE;1956;227
2;GWEN;1971;4
2;GWENN;2004;31
2;GWÉNAELLE;1980;5
2;GÉRARD;1944;3
2;HACER;1992;9
2;HADJIRA;2001;8
2;HAIAT;1981;6
2;HAJER;2013;20
2;HALIMATOU;1994;8
2;HANA;1981;28
2;HANDAN;1988;3
2;HANISSA;1999;4
2;HASNA;2013;42
2;HASSNA;1979;8
2;HAVIDA;1968;3
2;HAYATE;1982;39
2;HAYLEY;2017;24
2;HEIMITI;2015;3
2;HELENA;2003;326
2;HELYETTE;1929;12
2;HENRIA;1910;38
2;HERINE;2008;5
2;HERMINE;1979;17
2;HERVELINE;1968;6
2;HILAIRE;1951;9
2;HILDEGARD;1907;13
2;HIND;2001;68
2;HNIA;2012;3
2;HONOREE;1929;5
2;HORTENSE;1952;33
2;HOULEYE;2002;6
2;HUBERTE;1926;45
2;HUMA;1988;3
2;HÂJAR;2011;3
2;HÉLÈNE;1913;3882
2;IBTICEM;1980;5
2;ICHRAK;2013;3
2;IDIL;1997;4
2;IKBAL;2008;5
2;ILAYDA;1999;16
2;ILHAM;1991;46
2;ILINKA;2000;3
2;ILÉANA;2016;39
2;IMELDA;1939;5
2;INAIA;2006;4
2;INCI;2007;3
2;INES;2017;744
2;INNAYA;2011;20
2;INÈS;1913;67
2;IPEK;2002;3
2;IRENNE;1905;3
2;IRMA;1970;12
2;IRÈNE;1942;978
2;ISABELLA;1957;13
2;ISALINE;1979;13
2;ISBERGUE;1909;6
2;ISILDE;2005;6
2;ISMAHANE;1987;15
2;ISOLINE;1999;8
2;IVA;2015;4
2;IVONNE;1903;33
2;IZZA;2010;5
2;JACQUELINE;1914;924
2;JADWIGA;1932;17
2;JAILYS;2003;7
2;JAMILA;2000;22
2;JANE;1986;25
2;JANICK;1949;72
2;JANINE;1975;18
2;JANNICK;1989;3
2;JAQUELINE;1924;3
2;JAYA;2016;33
2;JEANINE;1987;7
2;JEANNE-MARIE;1941;24
2;JEANNIE;1909;43
2;JEANNY;1957;8
2;JEMIMA;2006;20
2;JENNIFER;1979;1790
2;JEROME;1951;3
2;JIHAD;2010;4
2;JILL;2005;5
2;JOAN;1955;9
2;JOANNA;1989;357
2;JOCELYNE;1923;35
2;JOELE;1961;14
2;JOHANIE;1990;5
2;JOHARA;2003;3
2;JORDANE;2006;51
2;JOSELINE;1945;132
2;JOSEPHE;1913;75
2;JOSETTE;1936;5230
2;JOSIE;2001;5
2;JOSYANNE;1938;3
2;JOUDIA;2016;50
2;JOYCE;1989;77
2;JUANA;1993;6
2;JUDITH;1915;16
2;JULIANNE;1923;4
2;JULIE-ROSE;2001;3
2;JULIETTE;1970;274
2;JUNE;1931;3
2;JUSTINE;2012;1089
2;KADIATOU;1973;3
2;KADOUJA;1966;3
2;KAHINA;2015;92
2;KAITLINE;2000;4
2;KALLISTA;2006;6
2;KAMAR;1984;3
2;KAMISSA;1994;3
2;KANTO;2010;6
2;KARDIATOU;1977;4
2;KARENE;1992;21
2;KARINE;2000;108
2;KAROLINE;1984;3
2;KASSY;2001;25
2;KATEL;2008;9
2;KATHARINA;1998;22
2;KATHLEEN;1962;15
2;KATIA;1982;664
2;KATLYNE;1979;4
2;KATYA;1975;16
2;KAYLI;2013;8
2;KAËLA;2014;5
2;KEIRA;1976;8
2;KELIYA;2018;3
2;KELLYS;2004;5
2;KELYNA;2014;6
2;KENZA;2003;589
2;KESIAH;2017;3
2;KETTY;1959;43
2;KEYLINE;2011;10
2;KEÏCY;2013;3
2;KHADIJATOU;2013;6
2;KHAMISSA;2014;3
2;KHELYA;2015;12
2;KIARA;1999;34
2;KIMBERLEY;1997;614
2;KLARA;2007;131
2;KLOÉ;2015;49
2;KOUMBA;1993;14
2;KRISTEN;2016;19
2;KRYSTIE;1990;4
2;KYLLIANE;2003;3
2;LAETITIA;1962;39
2;LAILA;2000;70
2;LALIA;1986;6
2;LAMBERT;1923;3
2;LANA;2004;1017
2;LARISSA;1994;51
2;LAURA;1903;15
2;LAURALY;2009;6
2;LAURE-ANNE;1977;26
2;LAURELEEN;2000;6
2;LAURENCE;1940;109
2;LAURENNE;1990;9
2;LAURIA;2002;7
2;LAURIE;1967;12
2;LAURY;1989;192
2;LAYHANA;2016;3
2;LEALINE;2010;4
2;LEE-LOU;1999;4
2;LEILA;1948;10
2;LEJLA;2014;5
2;LENAIG;1970;10
2;LEONA;2005;57
2;LEONIA;2008;3
2;LEONOR;2011;59
2;LEOPOLDINE;2015;13
2;LETICIA;1997;11
2;LEXI;2012;7
2;LEYYA;2002;5
2;LIA;1935;6
2;LIBERTA;1924;4
2;LIDIJA;1973;3
2;LILI;1924;6
2;LILIAN;1951;3
2;LILLIE;2010;9
2;LILOUENN;2011;3
2;LILYA;1977;5
2;LINA-MARIA;2015;3
2;LINDSEY;2011;56
2;LINH;2017;15
2;LIONELLE;1973;3
2;LISA-MARIE;2013;17
2;LISE;1992;486
2;LISETTE;1936;95
2;LISON;2017;539
2;LIVIANA;2014;3
2;LIZE;2003;3
2;LOAN;2008;85
2;LOHANA;1998;5
2;LOLA;1982;18
2;LOMA;2006;5
2;LORANA;2005;8
2;LOREENA;2014;5
2;LORENA;1981;18
2;LORETTE;1932;18
2;LORIE;1985;19
2;LORRAINE;1951;12
2;LORÈNE;1999;4
2;LOU-EVA;2013;4
2;LOUCIA;2005;12
2;LOUISA;1976;89
2;LOUISE-MARIE;2013;7
2;LOULYA;2018;3
2;LOVA;2016;3
2;LOÏNA;2017;8
2;LUCCIA;2012;12
2;LUCIA;1953;34
2;LUCIE;1919;1425
2;LUCILE;1931;174
2;LUCINDA;1979;4
2;LUCY;1934;4
2;LUDIWINE;1976;19
2;LUDWINE;1984;3
2;LULIA;2005;3
2;LUZIA;2015;4
2;LYDA;1907;5
2;LYDIE;1991;423
2;LYLIA;2017;191
2;LYLYA;2006;3
2;LYNE;1934;5
2;LYRA;2017;20
2;LYSIA;2013;27
2;LYSSIA;2016;24
2;LÉA;1966;48
2;LÉANNA;2018;97
2;LÉNAËLLE;2011;13
2;LÉONE;2015;5
2;LÉONTINE;1967;6
2;LÜNA;2015;9
2;MADALENA;1968;6
2;MADELEINE;1925;7760
2;MADIANA;1979;3
2;MADLEEN;1998;9
2;MADYSON;2000;37
2;MAELANNE;2011;4
2;MAELISE;1999;6
2;MAELLYA;2016;11
2;MAELYSSE;1994;5
2;MAFALDA;1972;4
2;MAGALY;2006;4
2;MAGDELEINE;1932;70
2;MAGOU;2003;4
2;MAHA;1993;12
2;MAHELYS;2010;4
2;MAHÉLYA;2012;5
2;MAIANN;2005;12
2;MAILIE;2014;3
2;MAIMITI;2014;3
2;MAISSANE;2015;25
2;MAIWEEN;2006;5
2;MALAÏKA;2015;19
2;MALICKA;2011;4
2;MALLIA;2008;4
2;MALOU;2006;65
2;MALYKA;2011;3
2;MANAELLE;2008;3
2;MANDY;1994;140
2;MANNON;2017;3
2;MANON;1930;7
2;MAONA;2011;3
2;MARCELINE;1931;101
2;MARCELLINE;1910;234
2;MAREVA;1990;7
2;MARGARITA;1969;20
2;MARGOT;1948;19
2;MARGUERITTE;1901;25
2;MARIA-CARMEN;1959;5
2;MARIA-ISABEL;1969;17
2;MARIA-SOL;1963;5
2;MARIAME;2000;44
2;MARIANNA;1935;7
2;MARIATOU;1976;4
2;MARIE-ADELINE;1993;9
2;MARIE-ALEXANDRA;1978;7
2;MARIE-ALIX;2015;4
2;MARIE-ANGE;1947;265
2;MARIE-ANNA;1957;7
2;MARIE-ANNIE;1983;4
2;MARIE-AUDE;1999;5
2;MARIE-BERNARD;1953;11
2;MARIE-CAMILLE;1965;4
2;MARIE-CATHERINE;1964;103
2;MARIE-CHRISTELLE;1993;7
2;MARIE-CLARA;2009;3
2;MARIE-COLETTE;1958;12
2;MARIE-DANIELLE;1949;34
2;MARIE-EDITH;1968;18
2;MARIE-ELIZABETH;1969;3
2;MARIE-EUGÉNIE;1900;12
2;MARIE-FLORE;1950;9
2;MARIE-FRANÇOISE;1950;1324
2;MARIE-GENEVIÈVE;1989;4
2;MARIE-HENRIETTE;1939;4
2;MARIE-JACQUELINE;1963;5
2;MARIE-JOSEE;1964;291
2;MARIE-JOSETTE;1937;4
2;MARIE-JOËLLE;1974;22
2;MARIE-LAURE;1961;855
2;MARIE-LOUISE;2011;14
2;MARIE-LYDIE;1972;3
2;MARIE-MADELEINE;1940;122
2;MARIE-MARTHE;1962;6
2;MARIE-MYRIAM;1984;5
2;MARIE-NOËL;1951;15
2;MARIE-OPHÉLIE;1991;3
2;MARIE-PIA;1951;4
2;MARIE-RENÉE;1923;5
2;MARIE-SANDRA;1972;7
2;MARIE-STELLA;2001;4
2;MARIE-THÉRÈSE;1938;1367
2;MARIE-VÉRONIQUE;1990;3
2;MARIELLA;1979;6
2;MARIETOU;2013;14
2;MARIKA;1992;31
2;MARILYN;1954;50
2;MARINA;1913;10
2;MARINETTE;1914;54
2;MARISA;1994;9
2;MARITZA;1993;4
2;MARJOLAINE;1986;205
2;MARLEINE;1965;4
2;MARLYSE;1955;41
2;MAROUA;2001;33
2;MARTHE;1923;3008
2;MARTINE;1929;110
2;MARY-ANN;1955;3
2;MARYAM;2018;557
2;MARYEM;2007;14
2;MARYLINE;2018;8
2;MARYNA;2016;3
2;MARYVONNE;1912;5
2;MATHEA;1925;5
2;MATHILDE;1989;2950
2;MATISSE;2000;8
2;MAUDE;1953;5
2;MAURICE;1974;3
2;MAUVE;1976;3
2;MAXIME;2011;11
2;MAY-LI;2014;7
2;MAYBELLE;2015;11
2;MAYLIS;1954;7
2;MAYSAM;2011;9
2;MAYWEN;2004;3
2;MAË;2011;14
2;MAËLLE;2003;5
2;MAËVA;1992;125
2;MAÏLINE;2015;8
2;MAÏSSANE;2016;152
2;MEDEA;1901;5
2;MEGANNE;2010;6
2;MEI-LI;2002;7
2;MELAHAT;1988;3
2;MELIA;1995;13
2;MELISANDRE;2007;3
2;MELLIE;2005;7
2;MELOEE;2008;22
2;MELYNDA;2000;22
2;MENNA;2016;3
2;MERIAM;2001;31
2;MERRYL;1980;10
2;MERYEM;2000;65
2;META;1907;4
2;MEYSA;2012;4
2;MICAELA;2017;4
2;MICHELE;1947;6
2;MICHELLINE;1943;3
2;MICKAËLLA;1996;4
2;MIKAELLE;1968;10
2;MILDREDE;1957;3
2;MILINA;2012;4
2;MILÉNA;2018;76
2;MINDY;1990;13
2;MIRABELLE;1990;4
2;MIREILLE;1972;750
2;MIRENTXU;1988;5
2;MIRIEM;2010;3
2;MITIA;2015;3
2;MOHANA;2018;7
2;MONA;1936;13
2;MONICA;1970;31
2;MORGANA;2002;5
2;MORRIGANE;2009;3
2;MOUNYA;1982;8
2;MURIEL;2018;3
2;MYANNA;2014;4
2;MYLÈNE;1954;10
2;MYRIAMA;1984;3
2;MYRIEM;1972;8
2;MÉANE;2013;6
2;MÉLIANA;2011;13
2;MÉLISANDE;1997;7
2;N'DEYE;1990;15
2;NACERA;1961;26
2;NADEGE;1969;885
2;NADIA;2015;88
2;NADIÈGE;1971;3
2;NADY;1951;5
2;NAFISSA;2007;31
2;NAHILA;1992;3
2;NAIKA;1998;4
2;NAJIA;1977;26
2;NAJWA;1985;5
2;NANA;2017;17
2;NAOELLE;2001;3
2;NAOUEL;1990;26
2;NARIMEN;2007;8
2;NASIMA;1961;3
2;NASSIMA;1961;5
2;NATACHA;1973;1739
2;NATALINA;1972;13
2;NATHALIA;1998;15
2;NATHANAËLLE;2013;18
2;NAWAL;1984;113
2;NAYAH;2010;42
2;NAZAR;2004;17
2;NAÉLYA;2013;7
2;NAÏMA;1974;37
2;NEDRA;1979;4
2;NEILA;2004;54
2;NELIA;2000;7
2;NELLIE;1939;8
2;NELYA;2018;349
2;NESE;1988;5
2;NESSERINE;2005;7
2;NEVINE;2000;4
2;NIAKALE;1984;5
2;NICOLAS;1921;6
2;NICOLINE;1937;3
2;NIHED;2007;15
2;NILYA;2015;8
2;NINOG;2010;4
2;NISRINE;1987;14
2;NOA;2011;205
2;NOELE;1921;48
2;NOELINE;1982;5
2;NOELLIE;1976;5
2;NOELYSE;2009;8
2;NOHA;1985;5
2;NOLIA;2004;3
2;NORA;1944;8
2;NORHEN;2012;4
2;NOUR-EL-HOUDA;1999;5
2;NOURHÈNE;2018;3
2;NOÉE;2014;4
2;NOËLIE;1980;6
2;NOËLYA;2010;3
2;NURDAN;2005;3
2;NYNA;2008;20
2;OCEANE;2014;134
2;OCÉANE;1992;1314
2;ODETTE;1967;135
2;ODYLE;1952;5
2;OLEANE;2002;3
2;OLIVIA;1989;818
2;OLYMPIA;2012;8
2;OMERINE;1924;4
2;OPHELIA;1977;5
2;ORANCIE;1913;3
2;ORIANA;2007;55
2;ORLANN;2005;4
2;ORTHENSE;1927;3
2;OUAFAE;1990;5
2;OUDA;1982;5
2;OUNAYSSA;2018;14
2;PALMIRA;1909;3
2;PAMELA;2007;29
2;PAQUERETTE;1909;27
2;PASCALE;1916;11
2;PASQUALINE;1926;4
2;PATTY;1990;9
2;PAULETTE;1914;4116
2;PAULINE;2010;1658
2;PELAGIE;1931;30
2;PEPITA;1962;17
2;PEROLINE;1900;12
2;PETRA;1924;8
2;PHILIBERTE;1926;7
2;PHILOMENE;1902;507
2;PHYLLIS;1956;5
2;PIERRETTE;1910;309
2;PILAR;1972;24
2;POMME;1984;8
2;PRESCILLIA;1986;139
2;PRISCA;1933;9
2;PRISCILLIA;1984;304
2;PRUDENCE;1982;3
2;PURDEY;2002;4
2;QUITTERIE;2004;42
2;RABIYA;2001;9
2;RACHELLE;1907;76
2;RADHIA;2011;3
2;RAFAELLE;2014;11
2;RAHMA;1984;24
2;RAJAA;1986;30
2;RAMATOULAYE;2000;12
2;RANIM;2011;24
2;RAPHAELE;1951;16
2;RAPHAËLA;1951;3
2;RAWANE;2007;7
2;RAYMONDE;1977;21
2;REBECCA;1927;6
2;REHANA;2011;4
2;REINE-MAY;1980;4
2;RENELDE;1935;8
2;RENÉE;1935;4046
2;RHANIA;2003;8
2;RIHAB;2001;7
2;RIME;1994;7
2;RITA;1944;58
2;RIZLAINE;1982;4
2;ROBERTE;1924;217
2;ROGATIENNE;1903;3
2;ROKYA;2013;4
2;ROMAISA;2015;6
2;ROMIE;2013;28
2;ROSA-MARIA;1981;5
2;ROSALINDE;1921;3
2;ROSANNA;2000;15
2;ROSE;1980;83
2;ROSE-MARIE;1959;323
2;ROSELINE;1940;265
2;ROSEMARIE;1946;4
2;ROSETTA;1975;7
2;ROSINA;1964;11
2;ROSY;1937;3
2;ROXANA;1987;3
2;ROZEN;1959;5
2;RUFINE;1903;5
2;RUVEYDA;2004;9
2;RÉGINE;1902;101
2;SAADIA;1980;24
2;SABIHA;1965;3
2;SABRA;1998;3
2;SAFAE;1989;8
2;SAHNA;2009;7
2;SAINTE;1950;4
2;SALEA;1966;3
2;SALIMA;2002;55
2;SALOME;2010;304
2;SALVADORA;1975;3
2;SAMANTA;2003;19
2;SAMIHA;1982;14
2;SAMUELLA;1997;4
2;SANAE;2014;36
2;SANDRINA;1993;5
2;SANJA;1976;15
2;SANTINE;2008;3
2;SARAH;2016;2368
2;SARINA;2017;3
2;SATHINE;2006;4
2;SAVANNAH;2017;83
2;SAYA;2014;16
2;SCHEHERAZADE;1971;3
2;SEBASTIENNE;1941;6
2;SEKINA;1999;3
2;SELIMA;1977;8
2;SELSEBIL;2003;3
2;SEMRA;1999;4
2;SERAH;2017;3
2;SERGINE;1910;3
2;SERVANE;1984;56
2;SEVERIN;1940;3
2;SEVIM;2009;5
2;SHADE;2014;10
2;SHAILY;2015;5
2;SHALINI;1998;3
2;SHANELLE;2004;5
2;SHANNEN;2015;4
2;SHAONA;2010;3
2;SHAYA;2009;11
2;SHEILA;1971;20
2;SHELSY;2002;14
2;SHERINE;2000;40
2;SHEYNA;2016;15
2;SHIRYNE;2012;3
2;SIBYLLE;2016;125
2;SIEM;1981;3
2;SIHAME;2005;19
2;SILOE;2014;11
2;SILVIA;2013;10
2;SIMEONE;1956;4
2;SIMONNE;1954;78
2;SIOBHAN;2000;4
2;SISLEY;2000;3
2;SLOANE;2013;29
2;SOANE;2010;62
2;SOFIA;2001;405
2;SOIFIA;2000;3
2;SOKHONA;2003;3
2;SOLEANE;2002;3
2;SOLENN;1990;54
2;SOLVEIG;1983;15
2;SOMIA;2004;4
2;SONJA;1967;8
2;SOPHIE;1935;196
2;SORAÏA;2013;4
2;SOUAAD;1972;5
2;SOUKAÏNA;1996;16
2;SOUMEYA;2009;56
2;SOUNIA;1992;7
2;STACY;2006;217
2;STEFANIA;1934;10
2;STELLA;1905;23
2;STEPHANIA;1935;23
2;STESSY;2002;79
2;STÉPHANIE;2012;46
2;SUKRAN;2002;5
2;SUSANNE;1904;40
2;SUZANNA;1952;3
2;SUZELLE;1941;10
2;SUZON;1995;33
2;SWANN;2006;86
2;SYBIL;1976;5
2;SYHEM;2012;8
2;SYLVANA;1995;25
2;SYLVETTE;1922;72
2;SYLVIANE;1956;2361
2;SYLVINA;1967;4
2;SÉLIA;2012;6
2;SÉVERINE;1998;46
2;TAHIS;2013;6
2;TAISSIR;2005;3
2;TALITA;1998;4
2;TAMARA;2004;171
2;TANITA;1998;5
2;TASLIM;2012;13
2;TATIANA;1941;4
2;TAYRA;2014;20
2;TEHILA;2008;14
2;TERESA;1956;16
2;TESSA;1998;197
2;THAIS;2000;259
2;THANH;1994;9
2;THEANA;2010;8
2;THEODORINE;1920;7
2;THERESA;1971;26
2;THI;1967;15
2;THIYYA;2012;5
2;THYFAINE;2005;3
2;THÉRÈSE-MARIE;1951;16
2;TIFANIE;2005;21
2;TIFFANY;2005;284
2;TIMEA;1997;3
2;TIPHANY;1984;21
2;TOIMAYA;2012;3
2;TOUSSAINTE;1900;26
2;TRESSIA;2016;16
2;TRYCIA;1998;5
2;TURKAN;1982;4
2;TYFÈNE;2010;4
2;TYSSEM;2008;11
2;UMRAN;2007;3
2;URSULE;1916;23
2;VALENTINA;2017;280
2;VALERIANNE;1998;3
2;VALÉRIE;1983;1656
2;VANILLE;1997;74
2;VENANCE;1916;3
2;VERA;2001;10
2;VERONIKA;2005;6
2;VICTOIRE;1937;46
2;VICTORINE;1952;22
2;VINCENT;1935;6
2;VINCILIA;1923;4
2;VIOLETTA;1992;6
2;VIRGINIA;1982;72
2;VITALINE;1930;5
2;VIVIANNE;1914;6
2;VÉRONIQUE;1920;64
2;WAHIBA;1966;3
2;WANISSA;1996;6
2;WENDY;1955;8
2;WIDED;2009;18
2;WILLIANA;2008;10
2;WISSALE;2014;3
2;XAVIERA;1977;5
2;YAEL;1970;82
2;YAMINA;1975;211
2;YANIRA;2009;3
2;YARAH;2018;3
2;YASNA;2003;5
2;YELENA;2012;34
2;YLANE;2017;3
2;YNAIA;2013;3
2;YOKO;2009;3
2;YOLANDE;1975;90
2;YONCA;1989;6
2;YOUSSRA;1990;12
2;YSEE;2002;22
2;YUNA;1997;20
2;YVANNE;1968;9
2;YVONNETTE;1913;8
2;ZAHIA;1995;4
2;ZAINA;1956;4
2;ZAKLINA;1974;7
2;ZAYNAB;2012;57
2;ZEINEB;1999;12
2;ZELIE;2008;498
2;ZEPHIRINE;1925;5
2;ZILDA;1901;4
2;ZITA;2018;27
2;ZOUINA;1959;9
2;ZOÉ;2018;2017
2;ÉGLANTINE;1985;3
2;ÉLISE;1991;22
2;ÉLÉANORE;2018;74
2;ÉRIKA;1980;5
